alpha-2,Entity,Code,Year,Carbon intensity of electricity (gCO2/kWh)
AE,United Arab Emirates,ARE,2024,467.51
AF,Afghanistan,AFG,2024,131.31
AG,Antigua and Barbuda,ATG,2024,594.6
AL,Albania,ALB,2024,25.18
AM,Armenia,ARM,2025,211.93
AO,Angola,AGO,2024,185.38
AR,Argentina,ARG,2025,346
AT,Austria,AUT,2025,116.91
AU,Australia,AUS,2025,525.18
AZ,Azerbaijan,AZE,2025,631.9
BA,Bosnia and Herzegovina,BIH,2025,570.64
BB,Barbados,BRB,2024,594.6
BD,Bangladesh,BGD,2025,696.13
BE,Belgium,BEL,2025,149.82
BF,Burkina Faso,BFA,2024,562.13
BG,Bulgaria,BGR,2025,275.55
BH,Bahrain,BHR,2024,902.24
BI,Burundi,BDI,2024,183.67
BJ,Benin,BEN,2024,584.16
BN,Brunei,BRN,2024,892.09
BO,Bolivia,BOL,2025,481.29
BR,Brazil,BRA,2025,109.95
BS,Bahamas,BHS,2024,653.33
BT,Bhutan,BTN,2024,23.64
BW,Botswana,BWA,2024,851.31
BY,Belarus,BLR,2025,309.25
BZ,Belize,BLZ,2024,170.21
CA,Canada,CAN,2025,190.72
CD,Democratic Republic of Congo,COD,2024,27.64
CF,Central African Republic,CAF,2023,0
CG,Congo,COG,2024,716.12
CH,Switzerland,CHE,2025,39.22
CI,Cote d'Ivoire,CIV,2024,405.01
CL,Chile,CHL,2025,289.49
CM,Cameroon,CMR,2024,225.9
CN,China,CHN,2025,525.34
CO,Colombia,COL,2025,186.81
CR,Costa Rica,CRI,2025,24.2
CU,Cuba,CUB,2024,642.82
CV,Cape Verde,CPV,2024,461.54
CY,Cyprus,CYP,2025,489
CZ,Czechia,CZE,2025,401.46
DE,Germany,DEU,2025,329.65
DJ,Djibouti,DJI,2024,450
DK,Denmark,DNK,2025,114.41
DM,Dominica,DMA,2023,600
DO,Dominican Republic,DOM,2025,537.48
DZ,Algeria,DZA,2024,632.94
EC,Ecuador,ECU,2025,159.02
EE,Estonia,EST,2025,319.15
EG,Egypt,EGY,2025,563.23
ER,Eritrea,ERI,2024,577.78
ES,Spain,ESP,2025,153.6
ET,Ethiopia,ETH,2025,23.08
FI,Finland,FIN,2025,57.47
FJ,Fiji,FJI,2024,278.26
FR,France,FRA,2025,41.44
GA,Gabon,GAB,2024,523.08
GB,United Kingdom,GBR,2025,217.41
GD,Grenada,GRD,2024,666.67
GE,Georgia,GEO,2025,145.93
GH,Ghana,GHA,2024,468.89
GM,Gambia,GMB,2024,666.67
GN,Guinea,GIN,2024,181.14
GQ,Equatorial Guinea,GNQ,2024,644.3
GR,Greece,GRC,2025,315.09
GT,Guatemala,GTM,2024,301.46
GW,Guinea-Bissau,GNB,2024,625
GY,Guyana,GUY,2024,644.93
HN,Honduras,HND,2024,322.12
HR,Croatia,HRV,2025,158.5
HT,Haiti,HTI,2024,534.88
HU,Hungary,HUN,2025,163.02
ID,Indonesia,IDN,2024,680.25
IE,Ireland,IRL,2025,256.54
IN,India,IND,2025,670.13
IQ,Iraq,IRQ,2024,683.1
IR,Iran,IRN,2025,659.53
IS,Iceland,ISL,2024,27.82
IT,Italy,ITA,2025,284.78
JM,Jamaica,JAM,2024,563.01
JO,Jordan,JOR,2024,529.79
JP,Japan,JPN,2025,477.26
KE,Kenya,KEN,2025,95.44
KG,Kyrgyzstan,KGZ,2025,152.73
KH,Cambodia,KHM,2025,498.87
KI,Kiribati,KIR,2024,500
KM,Comoros,COM,2023,642.86
KN,Saint Kitts and Nevis,KNA,2024,608.7
KP,North Korea,PRK,2024,340.59
KR,South Korea,KOR,2025,417.06
KW,Kuwait,KWT,2025,635.31
KZ,Kazakhstan,KAZ,2025,805.32
LA,Laos,LAO,2024,232.08
LB,Lebanon,LBN,2024,389.51
LC,Saint Lucia,LCA,2024,650
LK,Sri Lanka,LKA,2025,329.28
LR,Liberia,LBR,2024,315.79
LS,Lesotho,LSO,2022,20.83
LT,Lithuania,LTU,2025,138.36
LU,Luxembourg,LUX,2025,123.38
LV,Latvia,LVA,2025,138.76
LY,Libya,LBY,2024,826.83
MA,Morocco,MAR,2025,596.4
MD,Moldova,MDA,2025,633.12
ME,Montenegro,MNE,2025,264.23
MG,Madagascar,MDG,2024,432.1
MK,North Macedonia,MKD,2025,441.35
ML,Mali,MLI,2024,538.59
MM,Myanmar,MMR,2024,502.99
MN,Mongolia,MNG,2025,816.31
MR,Mauritania,MRT,2024,512.08
MT,Malta,MLT,2025,484.02
MU,Mauritius,MUS,2024,642.23
MV,Maldives,MDV,2024,611.77
MW,Malawi,MWI,2024,54.65
MX,Mexico,MEX,2025,474.02
MY,Malaysia,MYS,2025,601.97
MZ,Mozambique,MOZ,2024,129.36
NA,Namibia,NAM,2024,48.78
NE,Niger,NER,2024,673.68
NG,Nigeria,NGA,2025,455.71
NI,Nicaragua,NIC,2024,300.89
NL,Netherlands,NLD,2025,253.56
NO,Norway,NOR,2025,28.11
NP,Nepal,NPL,2024,24.26
NR,Nauru,NRU,2024,600
NZ,New Zealand,NZL,2025,92.76
OM,Oman,OMN,2025,544.47
PA,Panama,PAN,2024,221.15
PE,Peru,PER,2025,238.25
PG,Papua New Guinea,PNG,2024,513.74
PH,Philippines,PHL,2025,588.29
PK,Pakistan,PAK,2025,346.56
PL,Poland,POL,2025,588.6
PS,Palestine,PSE,2024,414.14
PT,Portugal,PRT,2025,127.91
PY,Paraguay,PRY,2025,24.7
QA,Qatar,QAT,2025,581.52
RO,Romania,ROU,2025,250.75
RS,Serbia,SRB,2025,695.8
RU,Russia,RUS,2025,449.73
RW,Rwanda,RWA,2024,353.98
SA,Saudi Arabia,SAU,2024,691.95
SB,Solomon Islands,SLB,2024,636.36
SC,Seychelles,SYC,2024,555.56
SD,Sudan,SDN,2024,153.69
SE,Sweden,SWE,2025,35.26
SG,Singapore,SGP,2025,497.09
SI,Slovenia,SVN,2025,183.29
SK,Slovakia,SVK,2025,94.85
SL,Sierra Leone,SLE,2024,47.62
SN,Senegal,SEN,2024,539.97
SO,Somalia,SOM,2024,511.63
SR,Suriname,SUR,2024,321.84
SS,South Sudan,SSD,2024,642.86
ST,Sao Tome and Principe,STP,2023,555.56
SV,El Salvador,SLV,2025,139.32
SY,Syria,SYR,2024,706.19
SZ,Eswatini,SWZ,2024,131.15
TD,Chad,TCD,2024,621.62
TG,Togo,TGO,2024,422.54
TH,Thailand,THA,2025,545.74
TJ,Tajikistan,TJK,2025,72.56
TL,East Timor,TLS,2024,666.67
TM,Turkmenistan,TKM,2024,1306.27
TN,Tunisia,TUN,2025,560.29
TO,Tonga,TON,2024,571.43
TR,Turkey,TUR,2025,474.74
TT,Trinidad and Tobago,TTO,2024,681.68
TZ,Tanzania,TZA,2024,345.02
UA,Ukraine,UKR,2022,250.47
UG,Uganda,UGA,2024,58.52
US,United States,USA,2025,384.4
UY,Uruguay,URY,2025,80.4
UZ,Uzbekistan,UZB,2025,1000
VC,Saint Vincent and the Grenadines,VCT,2024,600
VE,Venezuela,VEN,2024,85.86
VN,Vietnam,VNM,2025,460.73
VU,Vanuatu,VUT,2023,500
WS,Samoa,WSM,2024,375
YE,Yemen,YEM,2024,592.38
ZA,South Africa,ZAF,2025,699.29
ZM,Zambia,ZMB,2024,119.68
ZW,Zimbabwe,ZWE,2024,384.02
WORLD,World average,OWID_WRL,2025,458.29
